company_name,company_url
Walkabout Resources,walkabout-resources
Premama,premama
Milanote,milanote
BenchmarkONE,hatchbuck
Fly Leasing,fly-leasing-limited
CODING,coding-2
Globevestor,globevestor
Nextbase,nextbase-0844
MeilleursAgents,meilleursagents-com
Hashed Health,hashed-health
Phlur,phlur
Voodoo Manufacturing,voodoo-manufacturing
Sonoma,sonoma
CallPage,callpage
Vasayo,vasayo
Cohera Medical,cohera-medical
Triton Systems,triton-systems
Bankingly,bankingly
Sonavation,sonavation
Adamis Pharmaceuticals,adamis-pharmaceuticals
Scribestar,scribestar
Metaoptima,voytech
Testbirds,testbirds
Sesh,sesh-9f12
Echosens,echosens
Okteto,okteto
Canadian Technology Accelerator,canadian-technology-accelerators
Ansa Biotechnologies,ansa-biotechnologies
Flowbox,flowbox-ab
SAVO,savo
Ethos Lending,ethos-lending
Avro,avro-life-science
Butter,butter-6f77
ENYO Pharma,enyo-pharma
Opportunity Network,opportunity-network
Qnovo,qnovo
12 Sigma Technologies,12-sigma-technologies
Koinearth,koinearth
SalesTrip,salestrip
Cubcoats,cubcoats
ecadema,ecadema-inc
Curricula,curricula
Aridis Pharmaceuticals,aridis-pharmaceuticals
POD,pod-aa9b
Azur Group,azur-group
Mecuris,mecuris-gmbh
CityBldr,rebls
Skyways,skyways
Andrew Alliance,andrew-alliance
GlobeTracker,globetracker
Frontera Energy Corporation,pacific-exploration-production
oppScience,customermatrix
PharmaCielo,pharmacielo
Corero Network Security,corero-network-security
SmartQ,smartq-2
Commsat,commsat
Igor,igor-2
AgroCenta,agrocenta
Bragi,bragi
Chimera Bioengineering,chimera-bioengineering
Leap.ai,leap-ai
99tests,99tests
Esri,esri
Tridiuum,tridiuum
Singleron Biotechnologies,singleron-biotechnologies
PreNav,prenav
Fermented Sciences,fermented-sciences
Currensea,currensea
AcertaPharma,acerta-pharma
Charlie,charliehr
Zerostack,zerostack
Barghest Building Performance,barghest-building-performance
Multiverse Computing,multiverse-computing
Stakester,stakester
Credy,credy
ClimateTrade,climatetrade
Onion Math,yangcong
Trucksters,trucksters
IMV Inc,immunovaccine
Switchee,switchee
Zelos Gaming,zelos-gaming-inc
Raven Tech,raven-tech
Smart Fabric,smart-fabric
SGInnovate,sginnovate
Buyapowa,buyapowa
StoryTerrace,story-terrace
Oaktree,oaktree-org
TiG Data Intelligence,tig
Finalis,dealsyte-inc
Baylin Technologies,baylin-technologies
Grobank,grobank
BuildBetter,buildbetter
Stockmark,stockmark
Sonovia,nano-textile
Tappp,tappp
Infinite Fleet,infinite-fleet
Iguá Saneamento,igu%C3%A1-saneamento
KemPharm,kempharm
CheckYeti.com,checkyeti-com
Mav Farm,mav-farm
umitron,umitron
Novomer,novomer
Scout FM,scout-fm
Nexstar Broadcasting Group,nexstar-broadcasting-group
Mythia,mythia
Adumo,adumo
wikifolio,wikifolio
Storm Therapeutics,iceni-therapeutics
inGaia,ingaia
Blerp,blerp
PPC Protect,ppc-protect
FormHero,formhero
Certify,certify
Drive lah,drive-lah
Magzter,magzter
Yerba Buena Virtual Reality,yerba-buena-virtual-reality
Ecoation Innovative Solutions,ecoation-innovative-solutions
Simply Asset Finance,simply-asset-finance
SmartClean Technologies,smartclean-technologies-pte-ltd
BBI Life Sciences,bbi-life-sciences
Boston Geospatial,boston-geospatial
Valenture Institute,valenture-institute
Mosaic Smart Data,mosaic-smart-data
eezylife Inc.,eezylife-inc
Rose Gold,rose-gold
Prynt,prynt
Source Photonics,source-photonics
Mapify,mapify
VisionGate,visiongate
POWER BANK,power-bank
Microbiotica,microbiotica
Omni,omni-5e86
PerceptiLabs,perceptilabs
Campanda,campanda
M3M India Limited,m3m-india-limited
Augmate,augmate
My Online Therapy,my-online-therapy
Arcadis,arcadis
Ted Baker,ted-baker
eTherapeutics,etherapeutics
Sonian,sonian
Aareon,aareon